Product Name,SKU,Variant Title,Flavor,Size,Price,Sale Price,Original Price,In Stock,Product URL
Clear Whey Isolate (Sample),12095874,Clear Whey Isolate (Sample) - 0.88Oz - Lemonade,Lemonade,0.88Oz,CA$5.99,,CA$5.99,Yes,https://ca.myprotein.com/p/sports-nutrition/clear-whey-isolate-sample/12095872/
Clear Whey Isolate (Sample),12442633,Clear Whey Isolate (Sample) - 0.88Oz - Strawberry,Strawberry,0.88Oz,CA$5.99,,CA$5.99,Yes,https://ca.myprotein.com/p/sports-nutrition/clear-whey-isolate-sample/12095872/
Clear Whey Isolate (Sample),12666335,Clear Whey Isolate (Sample) - 0.88Oz - Peach Mango,Peach Mango,0.88Oz,CA$5.99,,CA$5.99,Yes,https://ca.myprotein.com/p/sports-nutrition/clear-whey-isolate-sample/12095872/
Clear Whey Isolate,12095869,Clear Whey Isolate - 1.1lb - Lemonade,Lemonade,1.1lb,CA$54.99,,CA$54.99,Yes,https://ca.myprotein.com/p/sports-nutrition/clear-whey-isolate/12095867/
Clear Whey Isolate,12095870,Clear Whey Isolate - 1.1lb - Tropical Dragonfruit,Tropical Dragonfruit,1.1lb,CA$54.99,,CA$54.99,Yes,https://ca.myprotein.com/p/sports-nutrition/clear-whey-isolate/12095867/
Clear Whey Isolate,12344671,Clear Whey Isolate - 1.1lb - Strawberry,Strawberry,1.1lb,CA$54.99,,CA$54.99,Yes,https://ca.myprotein.com/p/sports-nutrition/clear-whey-isolate/12095867/
Clear Whey Isolate,12537903,Clear Whey Isolate - 1.9lb - Lemonade,Lemonade,1.9lb,CA$79.99,,CA$79.99,Yes,https://ca.myprotein.com/p/sports-nutrition/clear-whey-isolate/12095867/
Clear Whey Isolate,12537904,Clear Whey Isolate - 1.9lb - Strawberry,Strawberry,1.9lb,CA$79.99,,CA$79.99,Yes,https://ca.myprotein.com/p/sports-nutrition/clear-whey-isolate/12095867/
Clear Whey Isolate,12578991,Clear Whey Isolate - 1.1lb - Peach Mango,Peach Mango,1.1lb,CA$54.99,,CA$54.99,Yes,https://ca.myprotein.com/p/sports-nutrition/clear-whey-isolate/12095867/
Clear Whey Isolate,12937445,Clear Whey Isolate - 1.1lb - Rocket Pop,Rocket Pop,1.1lb,CA$54.99,,CA$54.99,Yes,https://ca.myprotein.com/p/sports-nutrition/clear-whey-isolate/12095867/
Clear Whey Isolate,13630083,Clear Whey Isolate - 1.1lb - Strawberry Kiwi,Strawberry Kiwi,1.1lb,CA$54.99,,CA$54.99,Yes,https://ca.myprotein.com/p/sports-nutrition/clear-whey-isolate/12095867/
Clear Whey Isolate,15301762,Clear Whey Isolate - 20servings - Blue Raspberry,Blue Raspberry,20servings,CA$54.99,,CA$54.99,Yes,https://ca.myprotein.com/p/sports-nutrition/clear-whey-isolate/12095867/
Clear Whey Isolate,15301763,Clear Whey Isolate - 20servings - Watermelon,Watermelon,20servings,CA$54.99,,CA$54.99,Yes,https://ca.myprotein.com/p/sports-nutrition/clear-whey-isolate/12095867/
Clear Whey Isolate,15821485,Clear Whey Isolate - 1.1lb - Yuzu,Yuzu,1.1lb,CA$54.99,,CA$54.99,Yes,https://ca.myprotein.com/p/sports-nutrition/clear-whey-isolate/12095867/
Clear Whey Isolate,15821486,Clear Whey Isolate - 1.1lb - Orange Cream,Orange Cream,1.1lb,CA$54.99,,CA$54.99,Yes,https://ca.myprotein.com/p/sports-nutrition/clear-whey-isolate/12095867/
Clear Whey Isolate,15821487,Clear Whey Isolate - 1.1lb - Fruit Punch,Fruit Punch,1.1lb,CA$54.99,,CA$54.99,Yes,https://ca.myprotein.com/p/sports-nutrition/clear-whey-isolate/12095867/
Clear Whey Isolate,15821488,Clear Whey Isolate - 1.1lb - Passionfruit,Passionfruit,1.1lb,CA$54.99,,CA$54.99,Yes,https://ca.myprotein.com/p/sports-nutrition/clear-whey-isolate/12095867/
Clear Whey Isolate,15821489,Clear Whey Isolate - 1.1lb - Lemon Iced Tea,Lemon Iced Tea,1.1lb,CA$54.99,,CA$54.99,Yes,https://ca.myprotein.com/p/sports-nutrition/clear-whey-isolate/12095867/
Collagen Protein,12020569,Collagen Protein - 0.55lb - Unflavored,Unflavored,0.55lb,CA$30.99,CA$30.99,CA$39.99,Yes,https://ca.myprotein.com/p/sports-nutrition/collagen-protein/11111072/
Collagen Protein,12020570,Collagen Protein - 1.1lb - Unflavored,Unflavored,1.1lb,CA$69.99,,CA$69.99,Yes,https://ca.myprotein.com/p/sports-nutrition/collagen-protein/11111072/
Collagen Protein,12147917,Collagen Protein - 0.55lb - Chocolate,Chocolate,0.55lb,CA$26.99,CA$26.99,CA$39.99,Yes,https://ca.myprotein.com/p/sports-nutrition/collagen-protein/11111072/
Collagen Protein,12147918,Collagen Protein - 1.1lb - Chocolate,Chocolate,1.1lb,CA$61.99,CA$61.99,CA$69.99,Yes,https://ca.myprotein.com/p/sports-nutrition/collagen-protein/11111072/
Clear Whey MIKE AND IKEÂ® Flavors (Sample),12758413,Clear Whey MIKE AND IKEÂ® Flavors (Sample) - 0.88Oz - Strawberry,Strawberry,0.88Oz,CA$4.99,,CA$4.99,Yes,https://ca.myprotein.com/p/sports-nutrition/clear-whey-mike-and-ike-flavors-sample/12442631/
Clear Whey MIKE AND IKEÂ® Flavors (Sample),13190966,Clear Whey MIKE AND IKEÂ® Flavors (Sample) - 0.88Oz - Sour Watermelon,Sour Watermelon,0.88Oz,CA$5.99,,CA$5.99,Yes,https://ca.myprotein.com/p/sports-nutrition/clear-whey-mike-and-ike-flavors-sample/12442631/
Clear Whey MIKE AND IKEÂ® Flavors (Sample),13190967,Clear Whey MIKE AND IKEÂ® Flavors (Sample) - 0.88Oz - Caribbean Punch,Caribbean Punch,0.88Oz,CA$5.99,,CA$5.99,Yes,https://ca.myprotein.com/p/sports-nutrition/clear-whey-mike-and-ike-flavors-sample/12442631/
Clear Whey MIKE AND IKEÂ® Flavors,13190962,Clear Whey MIKE AND IKEÂ® Flavors - 1.1lb - Sour Watermelon,Sour Watermelon,1.1lb,CA$54.99,,CA$54.99,Yes,https://ca.myprotein.com/p/sports-nutrition/clear-whey-mike-and-ike-flavors/13121847/
Clear Whey MIKE AND IKEÂ® Flavors,13190965,Clear Whey MIKE AND IKEÂ® Flavors - 1.1lb - Caribbean Punch,Caribbean Punch,1.1lb,CA$54.99,,CA$54.99,Yes,https://ca.myprotein.com/p/sports-nutrition/clear-whey-mike-and-ike-flavors/13121847/
Impact Whey Isolate (Sample),11401145,Impact Whey Isolate (Sample) - 0.9Oz - Chocolate Smooth,Chocolate Smooth,0.9Oz,CA$4.99,,CA$4.99,Yes,https://ca.myprotein.com/p/sports-nutrition/impact-whey-isolate-sample/11401141/
Impact Whey Isolate (Sample),11401146,Impact Whey Isolate (Sample) - 0.9Oz - Strawberry Cream,Strawberry Cream,0.9Oz,CA$4.99,,CA$4.99,Yes,https://ca.myprotein.com/p/sports-nutrition/impact-whey-isolate-sample/11401141/
Impact Protein Blend,11349700,Impact Protein Blend - 2.2lb - Chocolate Smooth,Chocolate Smooth,2.2lb,CA$69.99,,CA$69.99,Yes,https://ca.myprotein.com/p/sports-nutrition/impact-protein-blend/11181407/
Impact Protein Blend,11349703,Impact Protein Blend - 2.2lb - Vanilla,Vanilla,2.2lb,CA$69.99,,CA$69.99,Yes,https://ca.myprotein.com/p/sports-nutrition/impact-protein-blend/11181407/
Impact Protein Blend,11349704,Impact Protein Blend - 5.5lb - Chocolate Smooth,Chocolate Smooth,5.5lb,CA$159.99,,CA$159.99,Yes,https://ca.myprotein.com/p/sports-nutrition/impact-protein-blend/11181407/
Impact Protein Blend,11349707,Impact Protein Blend - 5.5lb - Vanilla,Vanilla,5.5lb,CA$159.99,,CA$159.99,Yes,https://ca.myprotein.com/p/sports-nutrition/impact-protein-blend/11181407/
Impact Protein Blend,11349708,Impact Protein Blend - 11lb - Chocolate Smooth,Chocolate Smooth,11lb,CA$289.99,,CA$289.99,Yes,https://ca.myprotein.com/p/sports-nutrition/impact-protein-blend/11181407/
Impact Protein Blend,11349711,Impact Protein Blend - 11lb - Vanilla,Vanilla,11lb,CA$289.99,,CA$289.99,Yes,https://ca.myprotein.com/p/sports-nutrition/impact-protein-blend/11181407/
Impact Protein Blend,11388049,Impact Protein Blend - 2.2lb - Cookies & Cream,Cookies & Cream,2.2lb,CA$58.99,CA$58.99,CA$69.99,Yes,https://ca.myprotein.com/p/sports-nutrition/impact-protein-blend/11181407/
Impact Protein Blend,11388050,Impact Protein Blend - 5.5lb - Cookies & Cream,Cookies & Cream,5.5lb,CA$142.99,CA$142.99,CA$159.99,Yes,https://ca.myprotein.com/p/sports-nutrition/impact-protein-blend/11181407/
Impact Protein Blend,11388051,Impact Protein Blend - 11lb - Cookies & Cream,Cookies & Cream,11lb,CA$289.99,,CA$289.99,Yes,https://ca.myprotein.com/p/sports-nutrition/impact-protein-blend/11181407/
Impact Protein Blend,11388052,Impact Protein Blend - 2.2lb - Salted Caramel,Salted Caramel,2.2lb,CA$47.99,CA$47.99,CA$69.99,Yes,https://ca.myprotein.com/p/sports-nutrition/impact-protein-blend/11181407/
Impact Protein Blend,11388053,Impact Protein Blend - 5.5lb - Salted Caramel,Salted Caramel,5.5lb,CA$159.99,,CA$159.99,Yes,https://ca.myprotein.com/p/sports-nutrition/impact-protein-blend/11181407/
Impact Protein Blend,11388054,Impact Protein Blend - 133servings - Salted Caramel,Salted Caramel,133servings,CA$289.99,,CA$289.99,Yes,https://ca.myprotein.com/p/sports-nutrition/impact-protein-blend/11181407/
Impact Whey Isolate,10852483,Impact Whey Isolate - 11lb - Chocolate Milkshake,Chocolate Milkshake,11lb,CA$409.99,,CA$409.99,Yes,https://ca.myprotein.com/p/sports-nutrition/impact-whey-isolate/10852482/
Impact Whey Isolate,10852484,Impact Whey Isolate - 11lb - Strawberry Milkshake,Strawberry Milkshake,11lb,CA$409.99,,CA$409.99,Yes,https://ca.myprotein.com/p/sports-nutrition/impact-whey-isolate/10852482/
Impact Whey Isolate,10852485,Impact Whey Isolate - 11lb - Vanilla Ice Cream,Vanilla Ice Cream,11lb,CA$409.99,,CA$409.99,Yes,https://ca.myprotein.com/p/sports-nutrition/impact-whey-isolate/10852482/
Impact Whey Isolate,10852487,Impact Whey Isolate - 5.5lb - Unflavored,Unflavored,5.5lb,CA$224.99,,CA$224.99,Yes,https://ca.myprotein.com/p/sports-nutrition/impact-whey-isolate/10852482/
Impact Whey Isolate,10852489,Impact Whey Isolate - 5.5lb - Chocolate Milkshake,Chocolate Milkshake,5.5lb,CA$224.99,,CA$224.99,Yes,https://ca.myprotein.com/p/sports-nutrition/impact-whey-isolate/10852482/
Impact Whey Isolate,10852491,Impact Whey Isolate - 5.5lb - Strawberry Milkshake,Strawberry Milkshake,5.5lb,CA$224.99,,CA$224.99,Yes,https://ca.myprotein.com/p/sports-nutrition/impact-whey-isolate/10852482/
Impact Whey Isolate,10852492,Impact Whey Isolate - 5.5lb - Vanilla Ice Cream,Vanilla Ice Cream,5.5lb,CA$224.99,,CA$224.99,Yes,https://ca.myprotein.com/p/sports-nutrition/impact-whey-isolate/10852482/
Impact Whey Isolate,10852493,Impact Whey Isolate - 2.2lb - Unflavored,Unflavored,2.2lb,CA$109.99,,CA$109.99,Yes,https://ca.myprotein.com/p/sports-nutrition/impact-whey-isolate/10852482/
Impact Whey Isolate,10852495,Impact Whey Isolate - 2.2lb - Chocolate Milkshake,Chocolate Milkshake,2.2lb,CA$109.99,,CA$109.99,Yes,https://ca.myprotein.com/p/sports-nutrition/impact-whey-isolate/10852482/
Impact Whey Isolate,10852496,Impact Whey Isolate - 2.2lb - Strawberry Milkshake,Strawberry Milkshake,2.2lb,CA$109.99,,CA$109.99,Yes,https://ca.myprotein.com/p/sports-nutrition/impact-whey-isolate/10852482/
Impact Whey Isolate,10852497,Impact Whey Isolate - 2.2lb - Vanilla Ice Cream,Vanilla Ice Cream,2.2lb,CA$109.99,,CA$109.99,Yes,https://ca.myprotein.com/p/sports-nutrition/impact-whey-isolate/10852482/
Impact Whey Isolate,11076366,Impact Whey Isolate - 5.5lb - Salted Caramel,Salted Caramel,5.5lb,CA$224.99,,CA$224.99,Yes,https://ca.myprotein.com/p/sports-nutrition/impact-whey-isolate/10852482/
Impact Whey Isolate,11076367,Impact Whey Isolate - 11lb - Salted Caramel,Salted Caramel,11lb,CA$409.99,,CA$409.99,Yes,https://ca.myprotein.com/p/sports-nutrition/impact-whey-isolate/10852482/
Impact Whey Isolate,11111212,Impact Whey Isolate - 2.2lb - Chocolate Brownie,Chocolate Brownie,2.2lb,CA$109.99,,CA$109.99,Yes,https://ca.myprotein.com/p/sports-nutrition/impact-whey-isolate/10852482/
Impact Whey Isolate,11111213,Impact Whey Isolate - 5.5lb - Chocolate Brownie,Chocolate Brownie,5.5lb,CA$224.99,,CA$224.99,Yes,https://ca.myprotein.com/p/sports-nutrition/impact-whey-isolate/10852482/
Impact Whey Isolate,11111214,Impact Whey Isolate - 11lb - Chocolate Brownie,Chocolate Brownie,11lb,CA$409.99,,CA$409.99,Yes,https://ca.myprotein.com/p/sports-nutrition/impact-whey-isolate/10852482/
Impact Whey Isolate,11276659,Impact Whey Isolate - 11lb - Unflavored,Unflavored,11lb,CA$409.99,,CA$409.99,Yes,https://ca.myprotein.com/p/sports-nutrition/impact-whey-isolate/10852482/
Impact Whey Isolate,11352686,Impact Whey Isolate - 2.2lb - Mocha,Mocha,2.2lb,CA$92.99,CA$92.99,CA$109.99,Yes,https://ca.myprotein.com/p/sports-nutrition/impact-whey-isolate/10852482/
Impact Whey Isolate,11352687,Impact Whey Isolate - 5.5lb - Mocha,Mocha,5.5lb,CA$224.99,,CA$224.99,Yes,https://ca.myprotein.com/p/sports-nutrition/impact-whey-isolate/10852482/
Impact Whey Isolate,11352688,Impact Whey Isolate - 11lb - Mocha,Mocha,11lb,CA$409.99,,CA$409.99,Yes,https://ca.myprotein.com/p/sports-nutrition/impact-whey-isolate/10852482/
Impact Whey Isolate,13123177,Impact Whey Isolate - 2.2lb - Cookies and Cream,Cookies and Cream,2.2lb,CA$109.99,,CA$109.99,Yes,https://ca.myprotein.com/p/sports-nutrition/impact-whey-isolate/10852482/
Impact Whey Isolate,14694473,Impact Whey Isolate - 2.2lb - Chocolate Peanut Butter,Chocolate Peanut Butter,2.2lb,CA$109.99,,CA$109.99,Yes,https://ca.myprotein.com/p/sports-nutrition/impact-whey-isolate/10852482/
Impact Whey Isolate,14990618,Impact Whey Isolate - 6lb - Vanilla Ice Cream,Vanilla Ice Cream,6lb,CA$244.99,,CA$244.99,Yes,https://ca.myprotein.com/p/sports-nutrition/impact-whey-isolate/10852482/
Impact Whey Isolate,14990619,Impact Whey Isolate - 6lb - Salted Caramel,Salted Caramel,6lb,CA$244.99,,CA$244.99,Yes,https://ca.myprotein.com/p/sports-nutrition/impact-whey-isolate/10852482/
Impact Whey Isolate,15058949,Impact Whey Isolate - 0.55lb - Strawberry Milkshake,Strawberry Milkshake,0.55lb,CA$32.99,,CA$32.99,Yes,https://ca.myprotein.com/p/sports-nutrition/impact-whey-isolate/10852482/
Impact Whey Isolate,15058957,Impact Whey Isolate - 0.55lb - Salted Caramel,Salted Caramel,0.55lb,CA$32.99,,CA$32.99,Yes,https://ca.myprotein.com/p/sports-nutrition/impact-whey-isolate/10852482/
Impact Whey Isolate,15058965,Impact Whey Isolate - 0.55lb - Fruity Cereal,Fruity Cereal,0.55lb,CA$32.99,,CA$32.99,Yes,https://ca.myprotein.com/p/sports-nutrition/impact-whey-isolate/10852482/
Impact Whey Isolate,15633215,Impact Whey Isolate - 5.5lb - Chocolate Peanut Butter,Chocolate Peanut Butter,5.5lb,CA$224.99,,CA$224.99,Yes,https://ca.myprotein.com/p/sports-nutrition/impact-whey-isolate/10852482/
Impact Whey Protein,10852505,Impact Whey Protein - 11lb - Chocolate Milkshake,Chocolate Milkshake,11lb,CA$309.99,,CA$309.99,Yes,https://ca.myprotein.com/p/sports-nutrition/impact-whey-protein/10852500/
Impact Whey Protein,10852507,Impact Whey Protein - 11lb - Mocha,Mocha,11lb,CA$309.99,,CA$309.99,Yes,https://ca.myprotein.com/p/sports-nutrition/impact-whey-protein/10852500/
Impact Whey Protein,10852509,Impact Whey Protein - 11lb - Strawberry Milkshake,Strawberry Milkshake,11lb,CA$309.99,,CA$309.99,Yes,https://ca.myprotein.com/p/sports-nutrition/impact-whey-protein/10852500/
Impact Whey Protein,10852511,Impact Whey Protein - 11lb - Unflavored,Unflavored,11lb,CA$309.99,,CA$309.99,Yes,https://ca.myprotein.com/p/sports-nutrition/impact-whey-protein/10852500/
Impact Whey Protein,10852512,Impact Whey Protein - 11lb - Vanilla Ice Cream,Vanilla Ice Cream,11lb,CA$309.99,,CA$309.99,Yes,https://ca.myprotein.com/p/sports-nutrition/impact-whey-protein/10852500/
Impact Whey Protein,10852517,Impact Whey Protein - 5.5lb - Chocolate Milkshake,Chocolate Milkshake,5.5lb,CA$169.99,,CA$169.99,Yes,https://ca.myprotein.com/p/sports-nutrition/impact-whey-protein/10852500/
Impact Whey Protein,10852519,Impact Whey Protein - 5.5lb - Mocha,Mocha,5.5lb,CA$169.99,,CA$169.99,Yes,https://ca.myprotein.com/p/sports-nutrition/impact-whey-protein/10852500/
Impact Whey Protein,10852521,Impact Whey Protein - 5.5lb - Strawberry Milkshake,Strawberry Milkshake,5.5lb,CA$169.99,,CA$169.99,Yes,https://ca.myprotein.com/p/sports-nutrition/impact-whey-protein/10852500/
Impact Whey Protein,10852523,Impact Whey Protein - 5.5lb - Unflavored,Unflavored,5.5lb,CA$169.99,,CA$169.99,Yes,https://ca.myprotein.com/p/sports-nutrition/impact-whey-protein/10852500/
Impact Whey Protein,10852524,Impact Whey Protein - 5.5lb - Vanilla Ice Cream,Vanilla Ice Cream,5.5lb,CA$169.99,,CA$169.99,Yes,https://ca.myprotein.com/p/sports-nutrition/impact-whey-protein/10852500/
Impact Whey Protein,10852529,Impact Whey Protein - 2.2lb - Chocolate Milkshake,Chocolate Milkshake,2.2lb,CA$84.99,,CA$84.99,Yes,https://ca.myprotein.com/p/sports-nutrition/impact-whey-protein/10852500/
Impact Whey Protein,10852532,Impact Whey Protein - 2.2lb - Strawberry Milkshake,Strawberry Milkshake,2.2lb,CA$84.99,,CA$84.99,Yes,https://ca.myprotein.com/p/sports-nutrition/impact-whey-protein/10852500/
Impact Whey Protein,10852535,Impact Whey Protein - 2.2lb - Unflavored,Unflavored,2.2lb,CA$84.99,,CA$84.99,Yes,https://ca.myprotein.com/p/sports-nutrition/impact-whey-protein/10852500/
Impact Whey Protein,10852536,Impact Whey Protein - 2.2lb - Vanilla Ice Cream,Vanilla Ice Cream,2.2lb,CA$84.99,,CA$84.99,Yes,https://ca.myprotein.com/p/sports-nutrition/impact-whey-protein/10852500/
Impact Whey Protein,11076421,Impact Whey Protein - 2.2lb - Mocha,Mocha,2.2lb,CA$84.99,,CA$84.99,Yes,https://ca.myprotein.com/p/sports-nutrition/impact-whey-protein/10852500/
Impact Whey Protein,11076443,Impact Whey Protein - 2.2lb - Salted Caramel,Salted Caramel,2.2lb,CA$84.99,,CA$84.99,Yes,https://ca.myprotein.com/p/sports-nutrition/impact-whey-protein/10852500/
Impact Whey Protein,11076444,Impact Whey Protein - 5.5lb - Salted Caramel,Salted Caramel,5.5lb,CA$169.99,,CA$169.99,Yes,https://ca.myprotein.com/p/sports-nutrition/impact-whey-protein/10852500/
Impact Whey Protein,11111234,Impact Whey Protein - 2.2lb - Chocolate Brownie,Chocolate Brownie,2.2lb,CA$84.99,,CA$84.99,Yes,https://ca.myprotein.com/p/sports-nutrition/impact-whey-protein/10852500/
Impact Whey Protein,11111235,Impact Whey Protein - 5.5lb - Chocolate Brownie,Chocolate Brownie,5.5lb,CA$169.99,,CA$169.99,Yes,https://ca.myprotein.com/p/sports-nutrition/impact-whey-protein/10852500/
Impact Whey Protein,11111236,Impact Whey Protein - 11lb - Chocolate Brownie,Chocolate Brownie,11lb,CA$309.99,,CA$309.99,Yes,https://ca.myprotein.com/p/sports-nutrition/impact-whey-protein/10852500/
Impact Whey Protein,11146960,Impact Whey Protein - 2.2lb - Chocolate Peanut Butter,Chocolate Peanut Butter,2.2lb,CA$84.99,,CA$84.99,Yes,https://ca.myprotein.com/p/sports-nutrition/impact-whey-protein/10852500/
Impact Whey Protein,11146962,Impact Whey Protein - 5.5lb - Chocolate Peanut Butter,Chocolate Peanut Butter,5.5lb,CA$169.99,,CA$169.99,Yes,https://ca.myprotein.com/p/sports-nutrition/impact-whey-protein/10852500/
Impact Whey Protein,11174736,Impact Whey Protein - 2.2lb - Fruity Cereal,Fruity Cereal,2.2lb,CA$84.99,,CA$84.99,Yes,https://ca.myprotein.com/p/sports-nutrition/impact-whey-protein/10852500/
Impact Whey Protein,11273589,Impact Whey Protein - 2.2lb - Birthday Cake,Birthday Cake,2.2lb,CA$84.99,,CA$84.99,Yes,https://ca.myprotein.com/p/sports-nutrition/impact-whey-protein/10852500/
Impact Whey Protein,11273590,Impact Whey Protein - 5.5lb - Birthday Cake,Birthday Cake,5.5lb,CA$169.99,,CA$169.99,Yes,https://ca.myprotein.com/p/sports-nutrition/impact-whey-protein/10852500/
Impact Whey Protein,11273591,Impact Whey Protein - 11lb - Birthday Cake,Birthday Cake,11lb,CA$309.99,,CA$309.99,Yes,https://ca.myprotein.com/p/sports-nutrition/impact-whey-protein/10852500/
Impact Whey Protein,11351906,Impact Whey Protein - 2.2lb - Pumpkin Spice,Pumpkin Spice,2.2lb,CA$84.99,,CA$84.99,Yes,https://ca.myprotein.com/p/sports-nutrition/impact-whey-protein/10852500/
Impact Whey Protein,11359418,Impact Whey Protein - 0.55lb - Vanilla Ice Cream,Vanilla Ice Cream,0.55lb,CA$22.99,,CA$22.99,Yes,https://ca.myprotein.com/p/sports-nutrition/impact-whey-protein/10852500/
Impact Whey Protein,11359420,Impact Whey Protein - 0.55lb - Strawberry Milkshake,Strawberry Milkshake,0.55lb,CA$22.99,,CA$22.99,Yes,https://ca.myprotein.com/p/sports-nutrition/impact-whey-protein/10852500/
Impact Whey Protein,11359421,Impact Whey Protein - 0.55lb - Cookies and Cream,Cookies and Cream,0.55lb,CA$22.99,,CA$22.99,Yes,https://ca.myprotein.com/p/sports-nutrition/impact-whey-protein/10852500/
Impact Whey Protein,11359422,Impact Whey Protein - 0.55lb - Mocha,Mocha,0.55lb,CA$22.99,,CA$22.99,Yes,https://ca.myprotein.com/p/sports-nutrition/impact-whey-protein/10852500/
Impact Whey Protein,11359424,Impact Whey Protein - 0.55lb - Salted Caramel,Salted Caramel,0.55lb,CA$22.99,,CA$22.99,Yes,https://ca.myprotein.com/p/sports-nutrition/impact-whey-protein/10852500/
Impact Whey Protein,11375603,Impact Whey Protein - 0.55lb - Chocolate Brownie,Chocolate Brownie,0.55lb,CA$22.99,,CA$22.99,Yes,https://ca.myprotein.com/p/sports-nutrition/impact-whey-protein/10852500/
Impact Whey Protein,12048557,Impact Whey Protein - 0.55lb - Birthday Cake,Birthday Cake,0.55lb,CA$22.99,,CA$22.99,Yes,https://ca.myprotein.com/p/sports-nutrition/impact-whey-protein/10852500/
Impact Whey Protein,12270246,Impact Whey Protein - 2.2lb - Gingerbread,Gingerbread,2.2lb,CA$75.99,CA$75.99,CA$84.99,Yes,https://ca.myprotein.com/p/sports-nutrition/impact-whey-protein/10852500/
Impact Whey Protein,12703107,Impact Whey Protein - 0.55lb - Marshmallow Cereal,Marshmallow Cereal,0.55lb,CA$22.99,,CA$22.99,Yes,https://ca.myprotein.com/p/sports-nutrition/impact-whey-protein/10852500/
Impact Whey Protein,12703108,Impact Whey Protein - 2.2lb - Marshmallow Cereal,Marshmallow Cereal,2.2lb,CA$84.99,,CA$84.99,Yes,https://ca.myprotein.com/p/sports-nutrition/impact-whey-protein/10852500/
Impact Whey Protein,12703109,Impact Whey Protein - 5.5lb - Marshmallow Cereal,Marshmallow Cereal,5.5lb,CA$169.99,,CA$169.99,Yes,https://ca.myprotein.com/p/sports-nutrition/impact-whey-protein/10852500/
Impact Whey Protein,12703110,Impact Whey Protein - 11lb - Marshmallow Cereal,Marshmallow Cereal,11lb,CA$309.99,,CA$309.99,Yes,https://ca.myprotein.com/p/sports-nutrition/impact-whey-protein/10852500/
Impact Whey Protein,12703112,Impact Whey Protein - 5.5lb - Fruity Cereal,Fruity Cereal,5.5lb,CA$169.99,,CA$169.99,Yes,https://ca.myprotein.com/p/sports-nutrition/impact-whey-protein/10852500/
Impact Whey Protein,12703113,Impact Whey Protein - 11lb - Fruity Cereal,Fruity Cereal,11lb,CA$309.99,,CA$309.99,Yes,https://ca.myprotein.com/p/sports-nutrition/impact-whey-protein/10852500/
Impact Whey Protein,13123174,Impact Whey Protein - 11lb - Cookies and Cream,Cookies and Cream,11lb,CA$309.99,,CA$309.99,Yes,https://ca.myprotein.com/p/sports-nutrition/impact-whey-protein/10852500/
Impact Whey Protein,13123175,Impact Whey Protein - 5.5lb - Cookies and Cream,Cookies and Cream,5.5lb,CA$169.99,,CA$169.99,Yes,https://ca.myprotein.com/p/sports-nutrition/impact-whey-protein/10852500/
Impact Whey Protein,13123176,Impact Whey Protein - 2.2lb - Cookies and Cream,Cookies and Cream,2.2lb,CA$84.99,,CA$84.99,Yes,https://ca.myprotein.com/p/sports-nutrition/impact-whey-protein/10852500/
Impact Whey Protein,13183006,Impact Whey Protein - 5.51lb - Cinnamon Cereal,Cinnamon Cereal,5.51lb,CA$169.99,,CA$169.99,Yes,https://ca.myprotein.com/p/sports-nutrition/impact-whey-protein/10852500/
Impact Whey Protein,13183007,Impact Whey Protein - 2.2lb - Cinnamon Cereal,Cinnamon Cereal,2.2lb,CA$84.99,,CA$84.99,Yes,https://ca.myprotein.com/p/sports-nutrition/impact-whey-protein/10852500/
Impact Whey Protein,13947926,Impact Whey Protein - 1.1lb - Marshmallow Cereal,Marshmallow Cereal,1.1lb,CA$36.99,CA$36.99,CA$42.99,Yes,https://ca.myprotein.com/p/sports-nutrition/impact-whey-protein/10852500/
Impact Whey Protein,13947928,Impact Whey Protein - 1.1lb - Fruity Cereal,Fruity Cereal,1.1lb,CA$33.99,CA$33.99,CA$42.99,Yes,https://ca.myprotein.com/p/sports-nutrition/impact-whey-protein/10852500/
Impact Whey Protein,13947930,Impact Whey Protein - 1.1lb - Cinnamon Cereal,Cinnamon Cereal,1.1lb,CA$42.99,,CA$42.99,Yes,https://ca.myprotein.com/p/sports-nutrition/impact-whey-protein/10852500/
Impact Whey Protein,15058961,Impact Whey Protein - 0.55lb - Cinnamon Cereal,Cinnamon Cereal,0.55lb,CA$22.99,,CA$22.99,Yes,https://ca.myprotein.com/p/sports-nutrition/impact-whey-protein/10852500/
Impact Whey Protein,15152175,Impact Whey Protein - 0.55lb - Unflavored,Unflavored,0.55lb,CA$22.99,,CA$22.99,Yes,https://ca.myprotein.com/p/sports-nutrition/impact-whey-protein/10852500/
Impact Whey Protein,15212557,Impact Whey Protein - 26servings - Southern Comfort Southern Milkshake,Southern Comfort Southern Milkshake,26servings,CA$50.99,CA$50.99,CA$84.99,Yes,https://ca.myprotein.com/p/sports-nutrition/impact-whey-protein/10852500/
Impact Whey Protein (Sample),11401155,Impact Whey Protein (Sample) - 0.9Oz - Strawberry Milkshake,Strawberry Milkshake,0.9Oz,CA$3.99,,CA$3.99,Yes,https://ca.myprotein.com/p/sports-nutrition/impact-whey-protein-sample/10902384/
Myprotein Clear Whey Isolate - MARVEL,14944145,Myprotein Clear Whey Isolate - MARVEL - 20servings - Black Panther - Mixed Berry,20servings,MARVEL,CA$48.99,CA$48.99,CA$54.99,Yes,https://ca.myprotein.com/p/sports-nutrition/myprotein-clear-whey-isolate-marvel/14944142/
Myprotein Clear Whey Isolate - MARVEL,15631595,Myprotein Clear Whey Isolate - MARVEL - 40servings - Black Panther - Mixed Berry,40servings,MARVEL,CA$94.99,,CA$94.99,Yes,https://ca.myprotein.com/p/sports-nutrition/myprotein-clear-whey-isolate-marvel/14944142/
Myprotein Clear Whey Isolate - MARVEL,15661885,Myprotein Clear Whey Isolate - MARVEL - 20servings - Hulk - Sour DragonApple,20servings,MARVEL,CA$54.99,,CA$54.99,Yes,https://ca.myprotein.com/p/sports-nutrition/myprotein-clear-whey-isolate-marvel/14944142/
Myprotein THEWHEY (USA) (Sample),13435437,Myprotein THEWHEY (USA) (Sample) - 1.2Oz - Chocolate Fudge V2,Chocolate Fudge V2,1.2Oz,CA$5.99,,CA$5.99,Yes,https://ca.myprotein.com/p/sports-nutrition/myprotein-thewhey-usa-sample/11371420/
Myprotein THEWHEY (USA) (Sample),13435439,Myprotein THEWHEY (USA) (Sample) - 1.13Oz - Cookies and Cream,Cookies and Cream,1.13Oz,CA$5.99,,CA$5.99,Yes,https://ca.myprotein.com/p/sports-nutrition/myprotein-thewhey-usa-sample/11371420/
Myprotein Clear Whey Isolate x Marvel (Sample) (USA),14979885,Myprotein Clear Whey Isolate x Marvel (Sample) (USA) - 1servings - Spider-Man - Berry Watermelon,Spider-Man,1servings,CA$5.99,,CA$5.99,Yes,https://ca.myprotein.com/p/sports-nutrition/myprotein-clear-whey-isolate-x-marvel-sample-usa/15368064/
Myprotein Clear Whey Isolate x Marvel (Sample) (USA),14979886,Myprotein Clear Whey Isolate x Marvel (Sample) (USA) - 1servings - Captain Marvel - Mango Pineapple,Captain Marvel,1servings,CA$5.99,,CA$5.99,Yes,https://ca.myprotein.com/p/sports-nutrition/myprotein-clear-whey-isolate-x-marvel-sample-usa/15368064/
Myprotein Clear Whey Isolate x Marvel (Sample) (USA),14979887,Myprotein Clear Whey Isolate x Marvel (Sample) (USA) - 1servings - Black Panther - Mixed Berry,Black Panther,1servings,CA$5.99,,CA$5.99,Yes,https://ca.myprotein.com/p/sports-nutrition/myprotein-clear-whey-isolate-x-marvel-sample-usa/15368064/
Myprotein Clear Whey Isolate x Marvel (Sample) (USA),15661884,Myprotein Clear Whey Isolate x Marvel (Sample) (USA) - 1servings - Hulk - Sour DragonApple,Hulk,1servings,CA$5.99,,CA$5.99,Yes,https://ca.myprotein.com/p/sports-nutrition/myprotein-clear-whey-isolate-x-marvel-sample-usa/15368064/
NSF THE Whey,12966274,NSF THE Whey - 2.3lb - Blueberry Muffin,Blueberry Muffin,2.3lb,CA$69.99,,CA$69.99,Yes,https://ca.myprotein.com/p/sports-nutrition/nsf-the-whey/13166492/
Pea Protein Isolate,10915574,Pea Protein Isolate - 2.2lb - Unflavored,Unflavored,2.2lb,CA$43.99,CA$43.99,CA$49.99,Yes,https://ca.myprotein.com/p/sports-nutrition/pea-protein-isolate/10852589/
Pea Protein Isolate,13222703,Pea Protein Isolate - 2.2lb - Vanilla Chai,Vanilla Chai,2.2lb,CA$49.99,,CA$49.99,Yes,https://ca.myprotein.com/p/sports-nutrition/pea-protein-isolate/10852589/
Pea Protein Isolate,13222706,Pea Protein Isolate - 2.2lb - Tiramisu,Tiramisu,2.2lb,CA$43.99,CA$43.99,CA$49.99,Yes,https://ca.myprotein.com/p/sports-nutrition/pea-protein-isolate/10852589/
Pea Protein Isolate,13222708,Pea Protein Isolate - 2.2lb - Banana Bread,Banana Bread,2.2lb,CA$43.99,CA$43.99,CA$49.99,Yes,https://ca.myprotein.com/p/sports-nutrition/pea-protein-isolate/10852589/
Slow-Release Casein,11410386,Slow-Release Casein - 2.2lb - Chocolate Smooth,Chocolate Smooth,2.2lb,CA$74.99,,CA$74.99,Yes,https://ca.myprotein.com/p/sports-nutrition/slow-release-casein/11092497/
Slow-Release Casein,11410387,Slow-Release Casein - 5.5lb - Chocolate Smooth,Chocolate Smooth,5.5lb,CA$134.99,,CA$134.99,Yes,https://ca.myprotein.com/p/sports-nutrition/slow-release-casein/11092497/
Slow-Release Casein,11410392,Slow-Release Casein - 2.2lb - Vanilla,Vanilla,2.2lb,CA$66.99,CA$66.99,CA$74.99,Yes,https://ca.myprotein.com/p/sports-nutrition/slow-release-casein/11092497/
Slow-Release Casein,11410393,Slow-Release Casein - 5.5lb - Vanilla,Vanilla,5.5lb,CA$120.99,CA$120.99,CA$134.99,Yes,https://ca.myprotein.com/p/sports-nutrition/slow-release-casein/11092497/
THE Plant Protein,12061085,THE Plant Protein - 2.54lb - Mocha,Mocha,2.54lb,CA$61.99,CA$61.99,CA$69.99,Yes,https://ca.myprotein.com/p/sports-nutrition/the-plant-protein/12061084/
THE Plant Protein,12061087,THE Plant Protein - 2.47lb - Vanilla Chai,Vanilla Chai,2.47lb,CA$61.99,CA$61.99,CA$69.99,Yes,https://ca.myprotein.com/p/sports-nutrition/the-plant-protein/12061084/
THE Plant Protein,13222697,THE Plant Protein - 2.54lb - Banana Bread,Banana Bread,2.54lb,CA$61.99,CA$61.99,CA$69.99,Yes,https://ca.myprotein.com/p/sports-nutrition/the-plant-protein/12061084/
THE Plant Protein,13222699,THE Plant Protein - 2.67lb - Tiramisu,Tiramisu,2.67lb,CA$54.99,CA$54.99,CA$69.99,Yes,https://ca.myprotein.com/p/sports-nutrition/the-plant-protein/12061084/
Weight Gainer Blend,11372996,Weight Gainer Blend - 5.5lb - Chocolate Smooth,Chocolate Smooth,5.5lb,CA$70.99,CA$70.99,CA$89.99,Yes,https://ca.myprotein.com/p/sports-nutrition/weight-gainer-blend/10852477/
Weight Gainer Blend,11372998,Weight Gainer Blend - 5.5lb - Unflavored,Unflavored,5.5lb,CA$89.99,,CA$89.99,Yes,https://ca.myprotein.com/p/sports-nutrition/weight-gainer-blend/10852477/
Weight Gainer Blend,11372999,Weight Gainer Blend - 5.5lb - Vanilla,Vanilla,5.5lb,CA$70.99,CA$70.99,CA$89.99,Yes,https://ca.myprotein.com/p/sports-nutrition/weight-gainer-blend/10852477/
Weight Gainer Blend,11373000,Weight Gainer Blend - 11lb - Chocolate Smooth,Chocolate Smooth,11lb,CA$149.99,,CA$149.99,Yes,https://ca.myprotein.com/p/sports-nutrition/weight-gainer-blend/10852477/
Weight Gainer Blend,11373002,Weight Gainer Blend - 11lb - Unflavored,Unflavored,11lb,CA$149.99,,CA$149.99,Yes,https://ca.myprotein.com/p/sports-nutrition/weight-gainer-blend/10852477/
Weight Gainer Blend,11373003,Weight Gainer Blend - 11lb - Vanilla,Vanilla,11lb,CA$149.99,,CA$149.99,Yes,https://ca.myprotein.com/p/sports-nutrition/weight-gainer-blend/10852477/
Whey Forward,13642848,Whey Forward - 20servings - Rich Salted Caramel,Rich Salted Caramel,20servings,CA$30.99,CA$30.99,CA$56.99,Yes,https://ca.myprotein.com/p/sports-nutrition/whey-forward/13625704/
Whey Forward,13642849,Whey Forward - 20servings - Decadent Chocolate Brownie,Decadent Chocolate Brownie,20servings,CA$30.99,CA$30.99,CA$56.99,Yes,https://ca.myprotein.com/p/sports-nutrition/whey-forward/13625704/
Whey Forward,13846005,Whey Forward - 20servings - Cinnamon Cereal,Cinnamon Cereal,20servings,CA$44.99,CA$44.99,CA$56.99,Yes,https://ca.myprotein.com/p/sports-nutrition/whey-forward/13625704/
Vegan Protein Blend,13222727,Vegan Protein Blend - 2.2lb - Mocha,Mocha,2.2lb,CA$43.99,CA$43.99,CA$54.99,Yes,https://ca.myprotein.com/p/sports-nutrition/vegan-protein-blend/10852638/
Vegan Protein Blend,13222729,Vegan Protein Blend - 2.2lb - Vanilla Chai,Vanilla Chai,2.2lb,CA$43.99,CA$43.99,CA$54.99,Yes,https://ca.myprotein.com/p/sports-nutrition/vegan-protein-blend/10852638/
Vegan Protein Blend,13222731,Vegan Protein Blend - 2.2lb - Tiramisu,Tiramisu,2.2lb,CA$43.99,CA$43.99,CA$54.99,Yes,https://ca.myprotein.com/p/sports-nutrition/vegan-protein-blend/10852638/
Vegan Protein Blend,13222733,Vegan Protein Blend - 2.2lb - Banana Bread,Banana Bread,2.2lb,CA$43.99,CA$43.99,CA$54.99,Yes,https://ca.myprotein.com/p/sports-nutrition/vegan-protein-blend/10852638/
THE Wheyâ¢,13435431,THE Wheyâ¢ - 2.3lb - Chocolate Fudge,Chocolate Fudge,2.3lb,CA$69.99,,CA$69.99,Yes,https://ca.myprotein.com/p/sports-nutrition/the-whey/11360197/
THE Wheyâ¢,13435433,THE Wheyâ¢ - 2.2lb - Vanilla Ice Cream,Vanilla Ice Cream,2.2lb,CA$54.99,CA$54.99,CA$69.99,Yes,https://ca.myprotein.com/p/sports-nutrition/the-whey/11360197/
THE Wheyâ¢,13435435,THE Wheyâ¢ - 2.1lb - Cookies & Cream,Cookies & Cream,2.1lb,CA$69.99,,CA$69.99,Yes,https://ca.myprotein.com/p/sports-nutrition/the-whey/11360197/
